name.firstName,name.lastName, age, address.line1, address.line2, address.city, address.state, gender
Rohit, Prasad, 18, A-563 Rakshak Society, New Pune Road, Pune, Maharashtra, male
Ajay2, Saxena,45,A-563 Rakshak Society, New Pune Road, Pune, Maharashtra, male
Ajay, Rajat,65,A-563 Rakshak Society, New Pune Road, Pune, Maharashtra, male
Ajay, Kumar, 30, B-123 Green Park, Old Delhi Road, Delhi, Delhi, male
Neha, Sharma, 25, C-456 Blue Valley, MG Road, Bangalore, Karnataka, female
Pooja, Singh, 28, D-789 Red Hills, Anna Salai, Chennai, Tamil Nadu, female
Rahul, Verma, 35, E-101 White Field, ITPL Road, Hyderabad, Telangana, male
Anita, Gupta, 32, F-202 Yellow Lane, Sector 62, Noida, Uttar Pradesh, female
Vikas, Mehta, 40, G-303 Orange Street, Andheri West, Mumbai, Maharashtra, male
Suman, Joshi, 29, H-404 Purple Avenue, Salt Lake, Kolkata, West Bengal, female
Amit, Patel, 38, I-505 Brown Road, SG Highway, Ahmedabad, Gujarat, male
Kiran, Desai, 27, J-606 Pink Garden, Banjara Hills, Hyderabad, Telangana, female
Ravi, Nair, 45, K-707 Grey Tower, Marine Drive, Kochi, Kerala, male
John, Doe, 22, 123 Elm Street, Apt 4, Springfield, Illinois, male
Jane, Doe, 23, 456 Oak Street, Apt 5, Springfield, Illinois, female
Alice, Johnson, 30, 789 Pine Street, Apt 6, Springfield, Illinois, female
Bob, Smith, 35, 101 Maple Street, Apt 7, Springfield, Illinois, male
Charlie, Brown, 28, 202 Birch Street, Apt 8, Springfield, Illinois, male
David, Wilson, 40, 303 Cedar Street, Apt 9, Springfield, Illinois, male
Eva, Green, 32, 404 Walnut Street, Apt 10, Springfield, Illinois, female
Frank, White, 45, 505 Chestnut Street, Apt 11, Springfield, Illinois, male
Grace, Black, 27, 606 Ash Street, Apt 12, Springfield, Illinois, female
Henry, Adams, 33, 707 Poplar Street, Apt 13, Springfield, Illinois, male
Ivy, Baker, 29, 808 Fir Street, Apt 14, Springfield, Illinois, female
Jack, Carter, 31, 909 Spruce Street, Apt 15, Springfield, Illinois, male
Karen, Davis, 36, 1010 Pine Street, Apt 16, Springfield, Illinois, female
Leo, Evans, 38, 1111 Oak Street, Apt 17, Springfield, Illinois, male
Mia, Foster, 26, 1212 Maple Street, Apt 18, Springfield, Illinois, female
Noah, Garcia, 34, 1313 Birch Street, Apt 19, Springfield, Illinois, male
Olivia, Harris, 28, 1414 Cedar Street, Apt 20, Springfield, Illinois, female
Paul, Jackson, 37, 1515 Walnut Street, Apt 21, Springfield, Illinois, male
Quinn, King, 39, 1616 Chestnut Street, Apt 22, Springfield, Illinois, female
Ryan, Lewis, 25, 1717 Ash Street, Apt 23, Springfield, Illinois, male
Sara, Martin, 32, 1818 Poplar Street, Apt 24, Springfield, Illinois, female
Tom, Nelson, 41, 1919 Fir Street, Apt 25, Springfield, Illinois, male
Uma, Owens, 30, 2020 Spruce Street, Apt 26, Springfield, Illinois, female
Victor, Perez, 35, 2121 Pine Street, Apt 27, Springfield, Illinois, male
Wendy, Quinn, 27, 2222 Oak Street, Apt 28, Springfield, Illinois, female
Xander, Roberts, 33, 2323 Maple Street, Apt 29, Springfield, Illinois, male
Yara, Scott, 29, 2424 Birch Street, Apt 30, Springfield, Illinois, female
Zane, Taylor, 31, 2525 Cedar Street, Apt 31, Springfield, Illinois, male
Abby, Underwood, 36, 2626 Walnut Street, Apt 32, Springfield, Illinois, female
Ben, Vincent, 38, 2727 Chestnut Street, Apt 33, Springfield, Illinois, male
Cara, Walker, 26, 2828 Ash Street, Apt 34, Springfield, Illinois, female
Dan, Young, 34, 2929 Poplar Street, Apt 35, Springfield, Illinois, male
Ella, Zimmerman, 28, 3030 Fir Street, Apt 36, Springfield, Illinois, female
Finn, Anderson, 37, 3131 Spruce Street, Apt 37, Springfield, Illinois, male
Gina, Brown, 39, 3232 Pine Street, Apt 38, Springfield, Illinois, female
Hank, Clark, 25, 3333 Oak Street, Apt 39, Springfield, Illinois, male
Iris, Davis, 32, 3434 Maple Street, Apt 40, Springfield, Illinois, female
Jake, Edwards, 41, 3535 Birch Street, Apt 41, Springfield, Illinois, male
Kara, Foster, 30, 3636 Cedar Street, Apt 42, Springfield, Illinois, female
Liam, Green, 35, 3737 Walnut Street, Apt 43, Springfield, Illinois, male
Maya, Harris, 27, 3838 Chestnut Street, Apt 44, Springfield, Illinois, female
Nate, Jackson, 33, 3939 Ash Street, Apt 45, Springfield, Illinois, male
Olga, King, 29, 4040 Poplar Street, Apt 46, Springfield, Illinois, female
Pete, Lewis, 31, 4141 Fir Street, Apt 47, Springfield, Illinois, male
Quincy, Martin, 36, 4242 Spruce Street, Apt 48, Springfield, Illinois, female
Rita, Nelson, 38, 4343 Pine Street, Apt 49, Springfield, Illinois, female
Sam, Owens, 26, 4444 Oak Street, Apt 50, Springfield, Illinois, male
Tina, Perez, 34, 4545 Maple Street, Apt 51, Springfield, Illinois, female
Umar, Quinn, 28, 4646 Birch Street, Apt 52, Springfield, Illinois, male
Vera, Roberts, 37, 4747 Cedar Street, Apt 53, Springfield, Illinois, female
Will, Scott, 39, 4848 Walnut Street, Apt 54, Springfield, Illinois, male
Xena, Taylor, 25, 4949 Chestnut Street, Apt 55, Springfield, Illinois, female
Yuri, Underwood, 32, 5050 Ash Street, Apt 56, Springfield, Illinois, male
Zara, Vincent, 41, 5151 Poplar Street, Apt 57, Springfield, Illinois, female
Adam, Walker, 30, 5252 Fir Street, Apt 58, Springfield, Illinois, male
Bella, Young, 35, 5353 Spruce Street, Apt 59, Springfield, Illinois, female
Carl, Zimmerman, 27, 5454 Pine Street, Apt 60, Springfield, Illinois, male
Dana, Anderson, 33, 5555 Oak Street, Apt 61, Springfield, Illinois, female
Eli, Brown, 29, 5656 Maple Street, Apt 62, Springfield, Illinois, male
Fay, Clark, 31, 5757 Birch Street, Apt 63, Springfield, Illinois, female
Gus, Davis, 36, 5858 Cedar Street, Apt 64, Springfield, Illinois, male
Holly, Edwards, 38, 5959 Walnut Street, Apt 65, Springfield, Illinois, female
Ian, Foster, 26, 6060 Chestnut Street, Apt 66, Springfield, Illinois, male
Jill, Green, 34, 6161 Ash Street, Apt 67, Springfield, Illinois, female
Kyle, Harris, 28, 6262 Poplar Street, Apt 68, Springfield, Illinois, male
Lila, Jackson, 37, 6363 Fir Street, Apt 69, Springfield, Illinois, female
Max, King, 39, 6464 Spruce Street, Apt 70, Springfield, Illinois, male
Nina, Lewis, 25, 6565 Pine Street, Apt 71, Springfield, Illinois, female
Owen, Martin, 32, 6666 Oak Street, Apt 72, Springfield, Illinois, male
Paula, Nelson, 41, 6767 Maple Street, Apt 73, Springfield, Illinois, female
Quinn, Owens, 30, 6868 Birch Street, Apt 74, Springfield, Illinois, male
Ruth, Perez, 35, 6969 Cedar Street, Apt 75, Springfield, Illinois, female
Sean, Quinn, 27, 7070 Walnut Street, Apt 76, Springfield, Illinois, male
Tara, Roberts, 33, 7171 Chestnut Street, Apt 77, Springfield, Illinois, female
Ulysses, Scott, 29, 7272 Ash Street, Apt 78, Springfield, Illinois, male
Violet, Taylor, 31, 7373 Poplar Street, Apt 79, Springfield, Illinois, female
Wade, Underwood, 36, 7474 Fir Street, Apt 80, Springfield, Illinois, male
Xena, Vincent, 38, 7575 Spruce Street, Apt 81, Springfield, Illinois, female
Yale, Walker, 26, 7676 Pine Street, Apt 82, Springfield, Illinois, male
Zoe, Young, 34, 7777 Oak Street, Apt 83, Springfield, Illinois, female
Aaron, Zimmerman, 28, 7878 Maple Street, Apt 84, Springfield, Illinois, male
Betty, Anderson, 37, 7979 Birch Street, Apt 85, Springfield, Illinois, female
Chris, Brown, 39, 8080 Cedar Street, Apt 86, Springfield, Illinois, male
Diana, Clark, 25, 8181 Walnut Street, Apt 87, Springfield, Illinois, female
Evan, Davis, 32, 8282 Chestnut Street, Apt 88, Springfield, Illinois, male
Fiona, Edwards, 41, 8383 Ash Street, Apt 89, Springfield, Illinois, female
George, Foster, 30, 8484 Poplar Street, Apt 90, Springfield, Illinois, male
Hannah, Green, 35, 8585 Fir Street, Apt 91, Springfield, Illinois, female
Isaac, Harris, 27, 8686 Spruce Street, Apt 92, Springfield, Illinois, male
Julia, Jackson, 33, 8787 Pine Street, Apt 93, Springfield, Illinois, female
Kevin, King, 29, 8888 Oak Street, Apt 94, Springfield, Illinois, male
Lena, Lewis, 31, 8989 Maple Street, Apt 95, Springfield, Illinois, female
Mark, Martin, 36, 9090 Birch Street, Apt 96, Springfield, Illinois, male
Nora, Nelson, 38, 9191 Cedar Street, Apt 97, Springfield, Illinois, female
Oscar, Owens, 26, 9292 Walnut Street, Apt 98, Springfield, Illinois, male
Penny, Perez, 34, 9393 Chestnut Street, Apt 99, Springfield, Illinois, female
Quincy, Quinn, 27, 9494 Ash Street, Apt 100, Springfield, Illinois, male
Rita, Roberts, 33, 9595 Poplar Street, Apt 101, Springfield, Illinois, female
Sam, Scott, 29, 9696 Fir Street, Apt 102, Springfield, Illinois, male
Tina, Taylor, 31, 9797 Spruce Street, Apt 103, Springfield, Illinois, female
Uma, Underwood, 36, 9898 Pine Street, Apt 104, Springfield, Illinois, female
Victor, Vincent, 38, 9999 Oak Street, Apt 105, Springfield, Illinois, male
Wendy, Walker, 26, 10000 Maple Street, Apt 106, Springfield, Illinois, female
Xander, Young, 34, 10101 Birch Street, Apt 107, Springfield, Illinois, male
Yara, Zimmerman, 28, 10202 Cedar Street, Apt 108, Springfield, Illinois, female
Zane, Anderson, 37, 10303 Walnut Street, Apt 109, Springfield, Illinois, male
Abby, Brown, 39, 10404 Chestnut Street, Apt 110, Springfield, Illinois, female
Ben, Clark, 25, 10505 Ash Street, Apt 111, Springfield, Illinois, male
Cara, Davis, 32, 10606 Poplar Street, Apt 112, Springfield, Illinois, female
Dan, Edwards, 41, 10707 Fir Street, Apt 113, Springfield, Illinois, male
Ella, Foster, 30, 10808 Spruce Street, Apt 114, Springfield, Illinois, female
Finn, Green, 35, 10909 Pine Street, Apt 115, Springfield, Illinois, male
Gina, Harris, 27, 11010 Oak Street, Apt 116, Springfield, Illinois, female
Hank, Jackson, 33, 11111 Maple Street, Apt 117, Springfield, Illinois, male
Iris, King, 29, 11212 Birch Street, Apt 118, Springfield, Illinois, female
Jake, Lewis, 31, 11313 Cedar Street, Apt 119, Springfield, Illinois, male
Kara, Martin, 36, 11414 Walnut Street, Apt 120, Springfield, Illinois, female
Liam, Nelson, 38, 11515 Chestnut Street, Apt 121, Springfield, Illinois, male
Maya, Owens, 25, 11616 Ash Street, Apt 122, Springfield, Illinois, female
Nate, Perez, 34, 11717 Poplar Street, Apt 123, Springfield, Illinois, male
Olga, Quinn, 28, 11818 Fir Street, Apt 124, Springfield, Illinois, female
Pete, Roberts, 37, 11919 Spruce Street, Apt 125, Springfield, Illinois, male
Quinn, Scott, 39, 12020 Pine Street, Apt 126, Springfield, Illinois, female
Ruth, Taylor, 26, 12121 Oak Street, Apt 127, Springfield, Illinois, male
Sean, Underwood, 34, 12222 Maple Street, Apt 128, Springfield, Illinois, female
Tara, Vincent, 31, 12323 Birch Street, Apt 129, Springfield, Illinois, male
Ulysses, Walker, 36, 12424 Cedar Street, Apt 130, Springfield, Illinois, female
Violet, Young, 38, 12525 Walnut Street, Apt 131, Springfield, Illinois, male
Wade, Zimmerman, 26, 12626 Chestnut Street, Apt 132, Springfield, Illinois, female
Xena, Anderson, 34, 12727 Ash Street, Apt 133, Springfield, Illinois, male
Yale, Brown, 28, 12828 Poplar Street, Apt 134, Springfield, Illinois, female
Zoe, Clark, 37, 12929 Fir Street, Apt 135, Springfield, Illinois, male
Aaron, Davis, 39, 13030 Spruce Street, Apt 136, Springfield, Illinois, female
Betty, Edwards, 25, 13131 Pine Street, Apt 137, Springfield, Illinois, male
Chris, Foster, 32, 13232 Oak Street, Apt 138, Springfield, Illinois, female
Diana, Green, 41, 13333 Maple Street, Apt 139, Springfield, Illinois, male
Evan, Harris, 30, 13434 Birch Street, Apt 140, Springfield, Illinois, female
Fiona, Jackson, 35, 13535 Cedar Street, Apt 141, Springfield, Illinois, male
George, King, 27, 13636 Walnut Street, Apt 142, Springfield, Illinois, female
Hannah, Lewis, 33, 13737 Chestnut Street, Apt 143, Springfield, Illinois, male
Isaac, Martin, 29, 13838 Ash Street, Apt 144, Springfield, Illinois, female
Julia, Nelson, 31, 13939 Poplar Street, Apt 145, Springfield, Illinois, male
Kevin, Owens, 36, 14040 Fir Street, Apt 146, Springfield, Illinois, female
Lena, Perez, 38, 14141 Spruce Street, Apt 147, Springfield, Illinois, male
Mark, Quinn, 25, 14242 Pine Street, Apt 148, Springfield, Illinois, female
Nora, Roberts, 34, 14343 Oak Street, Apt 149, Springfield, Illinois, male
Oscar, Scott, 28, 14444 Maple Street, Apt 150, Springfield, Illinois, female
Penny, Taylor, 37, 14545 Birch Street, Apt 151, Springfield, Illinois, male
Quincy, Underwood, 39, 14646 Cedar Street, Apt 152, Springfield, Illinois, female
Rita, Vincent, 26, 14747 Walnut Street, Apt 153, Springfield, Illinois, male
Sam, Walker, 34, 14848 Chestnut Street, Apt 154, Springfield, Illinois, female
Tina, Young, 31, 14949 Ash Street, Apt 155, Springfield, Illinois, male
Uma, Zimmerman, 36, 15050 Poplar Street, Apt 156, Springfield, Illinois, female
Victor, Anderson, 38, 15151 Fir Street, Apt 157, Springfield, Illinois, male
Wendy, Brown, 26, 15252 Spruce Street, Apt 158, Springfield, Illinois, female
Xander, Clark, 34, 15353 Pine Street, Apt 159, Springfield, Illinois, male
Yara, Davis, 28, 15454 Oak Street, Apt 160, Springfield, Illinois, female
Zane, Edwards, 37, 15555 Maple Street, Apt 161, Springfield, Illinois, male
Abby, Foster, 39, 15656 Birch Street, Apt 162, Springfield, Illinois, female
Ben, Green, 25, 15757 Cedar Street, Apt 163, Springfield, Illinois, male
Cara, Harris, 32, 15858 Walnut Street, Apt 164, Springfield, Illinois, female
Dan, Jackson, 41, 15959 Chestnut Street, Apt 165, Springfield, Illinois, male
Ella, King, 30, 16060 Ash Street, Apt 166, Springfield, Illinois, female
Finn, Lewis, 35, 16161 Poplar Street, Apt 167, Springfield, Illinois, male
Gina, Martin, 27, 16262 Fir Street, Apt 168, Springfield, Illinois, female
Hank, Nelson, 33, 16363 Spruce Street, Apt 169, Springfield, Illinois, male
Iris, Owens, 29, 16464 Pine Street, Apt 170, Springfield, Illinois, female
Jake, Perez, 31, 16565 Oak Street, Apt 171, Springfield, Illinois, male
Kara, Quinn, 36, 16666 Maple Street, Apt 172, Springfield, Illinois, female
Liam, Roberts, 38, 16767 Birch Street, Apt 173, Springfield, Illinois, male
Maya, Scott, 25, 16868 Cedar Street, Apt 174, Springfield, Illinois, female
Nate, Taylor, 34, 16969 Walnut Street, Apt 175, Springfield, Illinois, male
Olga, Underwood, 28, 17070 Chestnut Street, Apt 176, Springfield, Illinois, female
Pete, Vincent, 37, 17171 Ash Street, Apt 177, Springfield, Illinois, male
Quinn, Walker, 39, 17272 Poplar Street, Apt 178, Springfield, Illinois, female
Ruth, Young, 26, 17373 Fir Street, Apt 179, Springfield, Illinois, male
Sean, Zimmerman, 34, 17474 Spruce Street, Apt 180, Springfield, Illinois, female
Tara, Anderson, 31, 17575 Pine Street, Apt 181, Springfield, Illinois, male
Ulysses, Brown, 36, 17676 Oak Street, Apt 182, Springfield, Illinois, female
Violet, Clark, 38, 17777 Maple Street, Apt 183, Springfield, Illinois, male
Wade, Davis, 26, 17878 Birch Street, Apt 184, Springfield, Illinois, female
Xena, Edwards, 34, 17979 Cedar Street, Apt 185, Springfield, Illinois, male
Yale, Foster, 28, 18080 Walnut Street, Apt 186, Springfield, Illinois, female
Zoe, Green, 37, 18181 Chestnut Street, Apt 187, Springfield, Illinois, male
Aaron, Harris, 39, 18282 Ash Street, Apt 188, Springfield, Illinois, female
Betty, Jackson, 25, 18383 Poplar Street, Apt 189, Springfield, Illinois, male
Chris, King, 32, 18484 Fir Street, Apt 190, Springfield, Illinois, female
Diana, Lewis, 41, 18585 Spruce Street, Apt 191, Springfield, Illinois, male
Evan, Martin, 30, 18686 Pine Street, Apt 192, Springfield, Illinois, female
Fiona, Nelson, 35, 18787 Oak Street, Apt 193, Springfield, Illinois, male
George, Owens, 27, 18888 Maple Street, Apt 194, Springfield, Illinois, female
Hannah, Perez, 33, 18989 Birch Street, Apt 195, Springfield, Illinois, male
Isaac, Quinn, 29, 19090 Cedar Street, Apt 196, Springfield, Illinois, female
Julia, Roberts, 31, 19191 Walnut Street, Apt 197, Springfield, Illinois, male
Kevin, Scott, 36, 19292 Chestnut Street, Apt 198, Springfield, Illinois, female
Lena, Taylor, 38, 19393 Ash Street, Apt 199, Springfield, Illinois, male
Mark, Underwood, 25, 19494 Poplar Street, Apt 200, Springfield, Illinois, female